asset_id,asset_dir,color_texture,domain_family,quality_tier,allowed_roles,value_family,texture_scale_range,curation_notes,source_review
aerial_beach_01_4k,assets/library/polyhaven/materials/aerial_beach_01_4k,assets/library/polyhaven/materials/aerial_beach_01_4k/textures/aerial_beach_01_diff_4k.jpg,natural_sand,usable_watch,"[""natural_ground""]",medium,"[2.5, 5.0]",large-scale beach sand; outdoor/sand only,visual_contact_sheet_polyhaven_v2_1_pages_01_05
aerial_grass_rock_4k,assets/library/polyhaven/materials/aerial_grass_rock_4k,assets/library/polyhaven/materials/aerial_grass_rock_4k/textures/aerial_grass_rock_diff_4k.jpg,organic_grass_rock,exclude_v0,"[""natural_ground""]",medium,"[2.5, 5.0]",moss/grass patches read as aerial terrain; avoid simple tabletop,visual_contact_sheet_polyhaven_v2_1_pages_01_05
aerial_ground_rock_4k,assets/library/polyhaven/materials/aerial_ground_rock_4k,assets/library/polyhaven/materials/aerial_ground_rock_4k/textures/aerial_ground_rock_diff_4k.jpg,natural_soil_rock,usable_watch,"[""natural_ground""]",medium,"[2.5, 5.0]",rough outdoor dirt/rock; not clean support,visual_contact_sheet_polyhaven_v2_1_pages_01_05
aerial_rocks_01_4k,assets/library/polyhaven/materials/aerial_rocks_01_4k,assets/library/polyhaven/materials/aerial_rocks_01_4k/textures/aerial_rocks_01_diff_4k.jpg,natural_gravel_rock,usable_watch,"[""natural_ground""]",medium,"[2.5, 5.0]",large stones and grass; outdoor only,visual_contact_sheet_polyhaven_v2_1_pages_01_05
aerial_wood_snips_4k,assets/library/polyhaven/materials/aerial_wood_snips_4k,assets/library/polyhaven/materials/aerial_wood_snips_4k/textures/aerial_wood_snips_diff_4k.jpg,organic_debris,exclude_v0,"[""natural_ground""]",dark,"[2.5, 5.0]",wood-chip/debris semantics too strong for v0,visual_contact_sheet_polyhaven_v2_1_pages_01_05
beige_wall_001_4k,assets/library/polyhaven/materials/beige_wall_001_4k,assets/library/polyhaven/materials/beige_wall_001_4k/textures/beige_wall_001_diff_4k.jpg,wall_plaster_plain,usable_watch,"[""wall_background""]",light,"[1.8, 3.2]",very flat beige wall; usable with stronger shadow only,visual_contact_sheet_polyhaven_v2_1_pages_01_05
blue_floor_tiles_01_4k,assets/library/polyhaven/materials/blue_floor_tiles_01_4k,assets/library/polyhaven/materials/blue_floor_tiles_01_4k/textures/blue_floor_tiles_01_diff_4k.jpg,support_tile,core,"[""support_surface""]",light,"[1.8, 3.4]",regular tile/paver surface; good controlled support,visual_contact_sheet_polyhaven_v2_1_pages_01_05
brick_4_4k,assets/library/polyhaven/materials/brick_4_4k,assets/library/polyhaven/materials/brick_4_4k/textures/brick_4_diff_4k.jpg,wall_brick_red,core,"[""wall_background""]",medium,"[1.8, 3.2]",clean red brick wall background,visual_contact_sheet_polyhaven_v2_1_pages_01_05
brick_floor_003_4k,assets/library/polyhaven/materials/brick_floor_003_4k,assets/library/polyhaven/materials/brick_floor_003_4k/textures/brick_floor_003_diffuse_4k.jpg,support_brick_floor,usable_watch,"[""support_surface""]",dark,"[1.8, 3.4]","brick floor, a bit dark/patterned",visual_contact_sheet_polyhaven_v2_1_pages_01_05
brick_wall_001_4k,assets/library/polyhaven/materials/brick_wall_001_4k,assets/library/polyhaven/materials/brick_wall_001_4k/textures/brick_wall_001_diffuse_4k.jpg,wall_brick_red,core,"[""wall_background""]",dark,"[1.8, 3.2]",varied brick wall; good background,visual_contact_sheet_polyhaven_v2_1_pages_01_05
brick_wall_003_4k,assets/library/polyhaven/materials/brick_wall_003_4k,assets/library/polyhaven/materials/brick_wall_003_4k/textures/brick_wall_003_diffuse_4k.jpg,wall_brick_light,core,"[""wall_background""]",light,"[1.8, 3.2]",light brick wall; controlled wall background,visual_contact_sheet_polyhaven_v2_1_pages_01_05
brick_wall_005_4k,assets/library/polyhaven/materials/brick_wall_005_4k,assets/library/polyhaven/materials/brick_wall_005_4k/textures/brick_wall_005_diff_4k.jpg,wall_brick_red,core,"[""wall_background""]",medium,"[1.8, 3.2]",rough brick wall; good background,visual_contact_sheet_polyhaven_v2_1_pages_01_05
brick_wall_006_4k,assets/library/polyhaven/materials/brick_wall_006_4k,assets/library/polyhaven/materials/brick_wall_006_4k/textures/brick_wall_006_diff_4k.jpg,wall_brick_red,core,"[""wall_background""]",medium,"[1.8, 3.2]",fine brick wall; good background,visual_contact_sheet_polyhaven_v2_1_pages_01_05
brown_mud_03_4k,assets/library/polyhaven/materials/brown_mud_03_4k,assets/library/polyhaven/materials/brown_mud_03_4k/textures/brown_mud_03_diff_4k.jpg,natural_mud,exclude_v0,"[""natural_ground""]",dark,"[2.5, 5.0]",lumpy mud reads wet/uneven; avoid current rigid support,visual_contact_sheet_polyhaven_v2_1_pages_01_05
brown_mud_leaves_01_4k,assets/library/polyhaven/materials/brown_mud_leaves_01_4k,assets/library/polyhaven/materials/brown_mud_leaves_01_4k/textures/brown_mud_leaves_01_diff_4k.jpg,organic_mud_leaves,exclude_v0,"[""natural_ground""]",dark,"[2.5, 5.0]",leaf/mud clutter too semantic,visual_contact_sheet_polyhaven_v2_1_pages_01_05
castle_brick_02_red_4k,assets/library/polyhaven/materials/castle_brick_02_red_4k,assets/library/polyhaven/materials/castle_brick_02_red_4k/textures/castle_brick_02_red_diff_4k.jpg,wall_brick_red,core,"[""wall_background""]",medium,"[1.8, 3.2]",aged brick wall background,visual_contact_sheet_polyhaven_v2_1_pages_01_05
clean_pebbles_4k,assets/library/polyhaven/materials/clean_pebbles_4k,assets/library/polyhaven/materials/clean_pebbles_4k/textures/clean_pebbles_diff_4k.jpg,natural_pebble,usable_watch,"[""natural_ground""]",light,"[2.5, 5.0]",pebbles are high frequency; use only outdoor/ground,visual_contact_sheet_polyhaven_v2_1_pages_01_05
coast_land_rocks_01_4k,assets/library/polyhaven/materials/coast_land_rocks_01_4k,assets/library/polyhaven/materials/coast_land_rocks_01_4k/textures/coast_land_rocks_01_diff_4k.jpg,natural_rock_moss,exclude_v0,"[""natural_ground""]",dark,"[2.5, 5.0]",mottled moss/rock looks noisy and dirty,visual_contact_sheet_polyhaven_v2_1_pages_01_05
coast_sand_02_4k,assets/library/polyhaven/materials/coast_sand_02_4k,assets/library/polyhaven/materials/coast_sand_02_4k/textures/coast_sand_02_diff_4k.jpg,natural_sand,usable_watch,"[""natural_ground""]",medium,"[2.5, 5.0]",sand/soil outdoor surface,visual_contact_sheet_polyhaven_v2_1_pages_01_05
coast_sand_03_4k,assets/library/polyhaven/materials/coast_sand_03_4k,assets/library/polyhaven/materials/coast_sand_03_4k/textures/coast_sand_03_diff_4k.jpg,natural_sand,usable_watch,"[""natural_ground""]",light,"[2.5, 5.0]",sand outdoor surface,visual_contact_sheet_polyhaven_v2_1_pages_01_05
coast_sand_04_4k,assets/library/polyhaven/materials/coast_sand_04_4k,assets/library/polyhaven/materials/coast_sand_04_4k/textures/coast_sand_04_diff_4k.jpg,natural_sand,usable_watch,"[""natural_ground""]",dark,"[2.5, 5.0]",damp sand/soil outdoor surface,visual_contact_sheet_polyhaven_v2_1_pages_01_05
concrete_floor_worn_001_4k,assets/library/polyhaven/materials/concrete_floor_worn_001_4k,assets/library/polyhaven/materials/concrete_floor_worn_001_4k/textures/concrete_floor_worn_001_diff_4k.jpg,support_concrete,core,"[""support_surface"", ""foreground_object""]",dark,"[1.2, 2.4]",clean industrial concrete; good support/object,visual_contact_sheet_polyhaven_v2_1_pages_01_05
coral_gravel_4k,assets/library/polyhaven/materials/coral_gravel_4k,assets/library/polyhaven/materials/coral_gravel_4k/textures/coral_gravel_diff_4k.jpg,natural_gravel,usable_watch,"[""natural_ground""]",medium,"[2.5, 5.0]",coarse gravel; outdoor only,visual_contact_sheet_polyhaven_v2_1_pages_01_05
coral_ground_02_4k,assets/library/polyhaven/materials/coral_ground_02_4k,assets/library/polyhaven/materials/coral_ground_02_4k/textures/coral_ground_02_diff_4k.jpg,natural_gravel_mottled,exclude_v0,"[""natural_ground""]",medium,"[2.5, 5.0]",mottled coral ground looks noisy,visual_contact_sheet_polyhaven_v2_1_pages_01_05
damaged_concrete_floor_02_4k,assets/library/polyhaven/materials/damaged_concrete_floor_02_4k,assets/library/polyhaven/materials/damaged_concrete_floor_02_4k/textures/damaged_concrete_floor_02_diff_4k.jpg,support_concrete,core,"[""support_surface"", ""foreground_object""]",medium,"[1.2, 2.4]",worn concrete but still controlled,visual_contact_sheet_polyhaven_v2_1_pages_01_05
dark_wood_4k,assets/library/polyhaven/materials/dark_wood_4k,assets/library/polyhaven/materials/dark_wood_4k/textures/dark_wood_diff_4k.jpg,support_wood_dark,core,"[""support_surface"", ""foreground_object""]",dark,"[1.6, 3.0]",good dark table/floor wood,visual_contact_sheet_polyhaven_v2_1_pages_01_05
diagonal_parquet_4k,assets/library/polyhaven/materials/diagonal_parquet_4k,assets/library/polyhaven/materials/diagonal_parquet_4k/textures/diagonal_parquet_diff_4k.jpg,support_wood_parquet,core,"[""support_surface""]",medium,"[1.6, 3.0]",parquet floor; controlled patterned support,visual_contact_sheet_polyhaven_v2_1_pages_01_05
dirt_aerial_03_4k,assets/library/polyhaven/materials/dirt_aerial_03_4k,assets/library/polyhaven/materials/dirt_aerial_03_4k/textures/dirt_aerial_03_diff_4k.jpg,natural_soil,usable_watch,"[""natural_ground""]",medium,"[2.5, 5.0]",outdoor soil texture; not tabletop,visual_contact_sheet_polyhaven_v2_1_pages_01_05
dirt_floor_4k,assets/library/polyhaven/materials/dirt_floor_4k,assets/library/polyhaven/materials/dirt_floor_4k/textures/dirt_floor_diff_4k.jpg,natural_soil,usable_watch,"[""natural_ground"", ""support_surface""]",medium,"[2.5, 5.0]",plain dirt floor; only rustic/outdoor support,visual_contact_sheet_polyhaven_v2_1_pages_01_05
dry_ground_rocks_4k,assets/library/polyhaven/materials/dry_ground_rocks_4k,assets/library/polyhaven/materials/dry_ground_rocks_4k/textures/dry_ground_rocks_diff_4k.jpg,natural_soil_rock,usable_watch,"[""natural_ground""]",medium,"[2.5, 5.0]",dry ground with stones; outdoor only,visual_contact_sheet_polyhaven_v2_1_pages_01_05
dry_mud_field_001_4k,assets/library/polyhaven/materials/dry_mud_field_001_4k,assets/library/polyhaven/materials/dry_mud_field_001_4k/textures/dry_mud_field_001_diff_4k.jpg,natural_mud,exclude_v0,"[""natural_ground""]",dark,"[2.5, 5.0]",mud field looks too uneven/noisy,visual_contact_sheet_polyhaven_v2_1_pages_01_05
fabric_leather_01_4k,assets/library/polyhaven/materials/fabric_leather_01_4k,assets/library/polyhaven/materials/fabric_leather_01_4k/textures/fabric_leather_01_diff_4k.jpg,object_leather,core,"[""foreground_object""]",medium,"[0.7, 1.5]","good for object/furniture material, not main support",visual_contact_sheet_polyhaven_v2_1_pages_01_05
fine_grained_wood_4k,assets/library/polyhaven/materials/fine_grained_wood_4k,assets/library/polyhaven/materials/fine_grained_wood_4k/textures/fine_grained_wood_col_4k.jpg,support_wood_clean,core,"[""support_surface"", ""foreground_object""]",dark,"[1.6, 3.0]",fine wood grain; good object/table,visual_contact_sheet_polyhaven_v2_1_pages_01_05
floor_pavement_4k,assets/library/polyhaven/materials/floor_pavement_4k,assets/library/polyhaven/materials/floor_pavement_4k/textures/floor_pavement_diff_4k.jpg,support_tile_pavement,core,"[""support_surface""]",light,"[1.8, 3.4]",regular pale pavement; stable floor support,visual_contact_sheet_polyhaven_v2_1_pages_01_05
floor_pebbles_01_4k,assets/library/polyhaven/materials/floor_pebbles_01_4k,assets/library/polyhaven/materials/floor_pebbles_01_4k/textures/floor_pebbles_01_diff_4k.jpg,natural_pebble,usable_watch,"[""natural_ground""]",light,"[2.5, 5.0]",pebble floor high frequency; outdoor only,visual_contact_sheet_polyhaven_v2_1_pages_01_05
forest_floor_4k,assets/library/polyhaven/materials/forest_floor_4k,assets/library/polyhaven/materials/forest_floor_4k/textures/forest_floor_diff_4k.jpg,organic_leaf_floor,exclude_v0,"[""natural_ground""]",medium,"[2.5, 5.0]",fallen leaves too semantic/noisy,visual_contact_sheet_polyhaven_v2_1_pages_01_05
forest_leaves_02_4k,assets/library/polyhaven/materials/forest_leaves_02_4k,assets/library/polyhaven/materials/forest_leaves_02_4k/textures/forest_leaves_02_diffuse_4k.jpg,organic_leaf_floor,exclude_v0,"[""natural_ground""]",medium,"[2.5, 5.0]",leaf/grass patches too semantic,visual_contact_sheet_polyhaven_v2_1_pages_01_05
forest_leaves_04_4k,assets/library/polyhaven/materials/forest_leaves_04_4k,assets/library/polyhaven/materials/forest_leaves_04_4k/textures/forest_leaves_04_diff_4k.jpg,organic_leaf_floor,exclude_v0,"[""natural_ground""]",medium,"[2.5, 5.0]",leaf litter too semantic,visual_contact_sheet_polyhaven_v2_1_pages_01_05
forrest_ground_01_4k,assets/library/polyhaven/materials/forrest_ground_01_4k,assets/library/polyhaven/materials/forrest_ground_01_4k/textures/forrest_ground_01_diff_4k.jpg,organic_grass_soil,exclude_v0,"[""natural_ground""]",medium,"[2.5, 5.0]",grass-dominant surface; avoid v0,visual_contact_sheet_polyhaven_v2_1_pages_01_05
forrest_ground_03_4k,assets/library/polyhaven/materials/forrest_ground_03_4k,assets/library/polyhaven/materials/forrest_ground_03_4k/textures/forrest_ground_03_diff_4k.jpg,natural_soil,usable_watch,"[""natural_ground""]",medium,"[2.5, 5.0]",plain forest soil; outdoor only,visual_contact_sheet_polyhaven_v2_1_pages_01_05
garage_floor_4k,assets/library/polyhaven/materials/garage_floor_4k,assets/library/polyhaven/materials/garage_floor_4k/textures/garage_floor_diff_4k.jpg,support_concrete,core,"[""support_surface"", ""foreground_object""]",medium,"[1.2, 2.4]",garage concrete; good controlled support,visual_contact_sheet_polyhaven_v2_1_pages_01_05
grass_path_3_4k,assets/library/polyhaven/materials/grass_path_3_4k,assets/library/polyhaven/materials/grass_path_3_4k/textures/grass_path_3_diff_4k.jpg,organic_grass_path,exclude_v0,"[""natural_ground""]",medium,"[2.5, 5.0]",grass/moss path too organic for v0,visual_contact_sheet_polyhaven_v2_1_pages_01_05
gravel_concrete_4k,assets/library/polyhaven/materials/gravel_concrete_4k,assets/library/polyhaven/materials/gravel_concrete_4k/textures/gravel_concrete_diff_4k.jpg,support_concrete_gravel,core,"[""support_surface""]",medium,"[1.2, 2.4]",fine gravel concrete; controlled support,visual_contact_sheet_polyhaven_v2_1_pages_01_05
gravel_embedded_concrete_4k,assets/library/polyhaven/materials/gravel_embedded_concrete_4k,assets/library/polyhaven/materials/gravel_embedded_concrete_4k/textures/gravel_embedded_concrete_diff_4k.jpg,support_concrete_gravel,core,"[""support_surface""]",light,"[1.2, 2.4]",embedded gravel concrete; controlled support,visual_contact_sheet_polyhaven_v2_1_pages_01_05
gravel_ground_01_4k,assets/library/polyhaven/materials/gravel_ground_01_4k,assets/library/polyhaven/materials/gravel_ground_01_4k/textures/gravel_ground_01_diff_4k.jpg,natural_gravel,usable_watch,"[""natural_ground""]",medium,"[2.5, 5.0]",rough gravel ground; outdoor only,visual_contact_sheet_polyhaven_v2_1_pages_01_05
ground_grey_4k,assets/library/polyhaven/materials/ground_grey_4k,assets/library/polyhaven/materials/ground_grey_4k/textures/ground_grey_diff_4k.jpg,support_concrete,core,"[""support_surface"", ""foreground_object""]",light,"[1.2, 2.4]",neutral grey ground; good support,visual_contact_sheet_polyhaven_v2_1_pages_01_05
herringbone_parquet_4k,assets/library/polyhaven/materials/herringbone_parquet_4k,assets/library/polyhaven/materials/herringbone_parquet_4k/textures/herringbone_parquet_diff_4k.jpg,support_wood_parquet,core,"[""support_surface""]",medium,"[1.6, 3.0]",wood parquet floor; good support,visual_contact_sheet_polyhaven_v2_1_pages_01_05
kitchen_wood_4k,assets/library/polyhaven/materials/kitchen_wood_4k,assets/library/polyhaven/materials/kitchen_wood_4k/textures/kitchen_wood_diff_4k.jpg,support_wood_clean,core,"[""support_surface"", ""foreground_object""]",medium,"[1.6, 3.0]",wood plank/table-like surface,visual_contact_sheet_polyhaven_v2_1_pages_01_05
laminate_floor_03_4k,assets/library/polyhaven/materials/laminate_floor_03_4k,assets/library/polyhaven/materials/laminate_floor_03_4k/textures/laminate_floor_03_diff_4k.jpg,support_wood_laminate,core,"[""support_surface""]",medium,"[1.6, 3.0]",laminate floor; stable support,visual_contact_sheet_polyhaven_v2_1_pages_01_05
laminate_floor_4k,assets/library/polyhaven/materials/laminate_floor_4k,assets/library/polyhaven/materials/laminate_floor_4k/textures/laminate_floor_diff_4k.jpg,support_wood_laminate,core,"[""support_surface""]",medium,"[1.6, 3.0]",laminate floor; stable support,visual_contact_sheet_polyhaven_v2_1_pages_01_05
leaves_forest_ground_4k,assets/library/polyhaven/materials/leaves_forest_ground_4k,assets/library/polyhaven/materials/leaves_forest_ground_4k/textures/leaves_forest_ground_diff_4k.jpg,organic_leaf_floor,exclude_v0,"[""natural_ground""]",medium,"[2.5, 5.0]",leaf clutter too semantic,visual_contact_sheet_polyhaven_v2_1_pages_01_05
medieval_blocks_03_4k,assets/library/polyhaven/materials/medieval_blocks_03_4k,assets/library/polyhaven/materials/medieval_blocks_03_4k/textures/medieval_blocks_03_diff_4k.jpg,wall_stone_block,core,"[""wall_background""]",medium,"[1.8, 3.2]",stone block wall/background,visual_contact_sheet_polyhaven_v2_1_pages_01_05
mud_cracked_dry_riverbed_002_4k,assets/library/polyhaven/materials/mud_cracked_dry_riverbed_002_4k,assets/library/polyhaven/materials/mud_cracked_dry_riverbed_002_4k/textures/mud_cracked_dry_riverbed_002_diff_4k.jpg,natural_cracked_mud,exclude_v0,"[""natural_ground""]",medium,"[2.5, 5.0]",cracked mud has strong scale/semantic pattern,visual_contact_sheet_polyhaven_v2_1_pages_01_05
oak_veneer_01_4k,assets/library/polyhaven/materials/oak_veneer_01_4k,assets/library/polyhaven/materials/oak_veneer_01_4k/textures/oak_veneer_01_diff_4k.jpg,support_wood_clean,core,"[""support_surface"", ""foreground_object""]",medium,"[1.6, 3.0]",clean oak veneer; good table/object,visual_contact_sheet_polyhaven_v2_1_pages_01_05
painted_plaster_wall_4k,assets/library/polyhaven/materials/painted_plaster_wall_4k,assets/library/polyhaven/materials/painted_plaster_wall_4k/textures/painted_plaster_wall_diff_4k.jpg,wall_plaster,core,"[""wall_background""]",light,"[1.8, 3.2]",painted plaster wall; good background,visual_contact_sheet_polyhaven_v2_1_pages_01_05
park_dirt_4k,assets/library/polyhaven/materials/park_dirt_4k,assets/library/polyhaven/materials/park_dirt_4k/textures/park_dirt_diff_4k.jpg,natural_soil,usable_watch,"[""natural_ground""]",medium,"[2.5, 5.0]",park dirt; outdoor only,visual_contact_sheet_polyhaven_v2_1_pages_01_05
pavement_03_4k,assets/library/polyhaven/materials/pavement_03_4k,assets/library/polyhaven/materials/pavement_03_4k/textures/pavement_03_diff_4k.jpg,support_tile_pavement,core,"[""support_surface""]",medium,"[1.8, 3.4]",stone/pavement tiles; good floor support,visual_contact_sheet_polyhaven_v2_1_pages_01_05
pavement_04_4k,assets/library/polyhaven/materials/pavement_04_4k,assets/library/polyhaven/materials/pavement_04_4k/textures/pavement_04_diff_4k.jpg,support_tile_pavement,usable_watch,"[""support_surface""]",dark,"[1.8, 3.4]",dark small pavers; usable but may reduce object contrast,visual_contact_sheet_polyhaven_v2_1_pages_01_05
pebble_ground_01_4k,assets/library/polyhaven/materials/pebble_ground_01_4k,assets/library/polyhaven/materials/pebble_ground_01_4k/textures/pebble_ground_01_diff_4k.jpg,natural_pebble,usable_watch,"[""natural_ground""]",light,"[2.5, 5.0]",fine pebbles; outdoor only,visual_contact_sheet_polyhaven_v2_1_pages_01_05
plaster_brick_pattern_4k,assets/library/polyhaven/materials/plaster_brick_pattern_4k,assets/library/polyhaven/materials/plaster_brick_pattern_4k/textures/plaster_brick_pattern_diff_4k.jpg,wall_brick_light,core,"[""wall_background""]",light,"[1.8, 3.2]",regular pale brick/plaster wall,visual_contact_sheet_polyhaven_v2_1_pages_01_05
plastered_wall_03_4k,assets/library/polyhaven/materials/plastered_wall_03_4k,assets/library/polyhaven/materials/plastered_wall_03_4k/textures/plastered_wall_03_diff_4k.jpg,wall_plaster,core,"[""wall_background""]",medium,"[1.8, 3.2]",dirty plaster wall; good background,visual_contact_sheet_polyhaven_v2_1_pages_01_05
plastered_wall_04_4k,assets/library/polyhaven/materials/plastered_wall_04_4k,assets/library/polyhaven/materials/plastered_wall_04_4k/textures/plastered_wall_04_diff_4k.jpg,wall_plaster_plain,usable_watch,"[""wall_background""]",light,"[1.8, 3.2]",smooth grey plaster; can look flat,visual_contact_sheet_polyhaven_v2_1_pages_01_05
plywood_4k,assets/library/polyhaven/materials/plywood_4k,assets/library/polyhaven/materials/plywood_4k/textures/plywood_diff_4k.jpg,support_wood_clean,core,"[""support_surface"", ""foreground_object""]",medium,"[1.6, 3.0]",plywood surface; good table/object,visual_contact_sheet_polyhaven_v2_1_pages_01_05
random_bricks_thick_4k,assets/library/polyhaven/materials/random_bricks_thick_4k,assets/library/polyhaven/materials/random_bricks_thick_4k/textures/random_bricks_thick_diff_4k.jpg,wall_brick_mixed,core,"[""wall_background""]",medium,"[1.8, 3.2]",rough mixed brick wall,visual_contact_sheet_polyhaven_v2_1_pages_01_05
rectangular_parquet_4k,assets/library/polyhaven/materials/rectangular_parquet_4k,assets/library/polyhaven/materials/rectangular_parquet_4k/textures/rectangular_parquet_diff_4k.jpg,support_wood_parquet,core,"[""support_surface""]",medium,"[1.6, 3.0]",rectangular parquet floor; good support,visual_contact_sheet_polyhaven_v2_1_pages_01_05
red_brick_03_4k,assets/library/polyhaven/materials/red_brick_03_4k,assets/library/polyhaven/materials/red_brick_03_4k/textures/red_brick_03_diff_4k.jpg,wall_brick_red,core,"[""wall_background""]",medium,"[1.8, 3.2]",red brick wall background,visual_contact_sheet_polyhaven_v2_1_pages_01_05
red_brick_4k,assets/library/polyhaven/materials/red_brick_4k,assets/library/polyhaven/materials/red_brick_4k/textures/red_brick_diff_4k.jpg,wall_brick_red,core,"[""wall_background""]",medium,"[1.8, 3.2]",red brick wall background,visual_contact_sheet_polyhaven_v2_1_pages_01_05
red_dirt_mud_01_4k,assets/library/polyhaven/materials/red_dirt_mud_01_4k,assets/library/polyhaven/materials/red_dirt_mud_01_4k/textures/red_dirt_mud_01_diff_4k.jpg,natural_red_soil,usable_watch,"[""natural_ground""]",medium,"[2.5, 5.0]",red soil; outdoor only,visual_contact_sheet_polyhaven_v2_1_pages_01_05
red_laterite_soil_stones_4k,assets/library/polyhaven/materials/red_laterite_soil_stones_4k,assets/library/polyhaven/materials/red_laterite_soil_stones_4k/textures/red_laterite_soil_stones_diff_4k.jpg,natural_red_soil,usable_watch,"[""natural_ground""]",dark,"[2.5, 5.0]",red soil/stones; outdoor only,visual_contact_sheet_polyhaven_v2_1_pages_01_05
red_mud_stones_4k,assets/library/polyhaven/materials/red_mud_stones_4k,assets/library/polyhaven/materials/red_mud_stones_4k/textures/red_mud_stones_diff_4k.jpg,natural_red_soil,usable_watch,"[""natural_ground""]",dark,"[2.5, 5.0]",red mud stones; outdoor only,visual_contact_sheet_polyhaven_v2_1_pages_01_05
rock_01_4k,assets/library/polyhaven/materials/rock_01_4k,assets/library/polyhaven/materials/rock_01_4k/textures/rock_01_diff_4k.jpg,support_stone,usable_watch,"[""support_surface"", ""foreground_object""]",medium,"[1.2, 2.4]",neutral rock/stone surface; usable but not tabletop core,visual_contact_sheet_polyhaven_v2_1_pages_01_05
rock_08_4k,assets/library/polyhaven/materials/rock_08_4k,assets/library/polyhaven/materials/rock_08_4k/textures/rock_08_diff_4k.jpg,natural_rock,usable_watch,"[""natural_ground""]",medium,"[2.5, 5.0]",rock texture with visible pattern; outdoor/stone only,visual_contact_sheet_polyhaven_v2_1_pages_01_05
rock_2_4k,assets/library/polyhaven/materials/rock_2_4k,assets/library/polyhaven/materials/rock_2_4k/textures/rock_2_diff_4k.jpg,natural_rock,usable_watch,"[""natural_ground""]",light,"[2.5, 5.0]",rocky surface; outdoor/stone only,visual_contact_sheet_polyhaven_v2_1_pages_01_05
rocks_ground_03_4k,assets/library/polyhaven/materials/rocks_ground_03_4k,assets/library/polyhaven/materials/rocks_ground_03_4k/textures/rocks_ground_03_diff_4k.jpg,natural_gravel_rock,usable_watch,"[""natural_ground""]",medium,"[2.5, 5.0]",ground rocks; outdoor only,visual_contact_sheet_polyhaven_v2_1_pages_01_05
rocky_trail_4k,assets/library/polyhaven/materials/rocky_trail_4k,assets/library/polyhaven/materials/rocky_trail_4k/textures/rocky_trail_diff_4k.jpg,natural_trail,usable_watch,"[""natural_ground""]",medium,"[2.5, 5.0]",trail surface; outdoor only,visual_contact_sheet_polyhaven_v2_1_pages_01_05
rosewood_veneer1_4k,assets/library/polyhaven/materials/rosewood_veneer1_4k,assets/library/polyhaven/materials/rosewood_veneer1_4k/textures/rosewood_veneer1_diff_4k.jpg,support_wood_dark,core,"[""support_surface"", ""foreground_object""]",dark,"[1.6, 3.0]",dark polished wood; good with lighting control,visual_contact_sheet_polyhaven_v2_1_pages_01_05
rubber_tiles_4k,assets/library/polyhaven/materials/rubber_tiles_4k,assets/library/polyhaven/materials/rubber_tiles_4k/textures/rubber_tiles_diff_4k.jpg,support_rubber,core,"[""support_surface"", ""foreground_object""]",dark,"[1.2, 2.4]",rubber tile support; useful but keep contrast checks,visual_contact_sheet_polyhaven_v2_1_pages_01_05
sand_01_4k,assets/library/polyhaven/materials/sand_01_4k,assets/library/polyhaven/materials/sand_01_4k/textures/sand_01_diff_4k.jpg,natural_sand,usable_watch,"[""natural_ground""]",light,"[2.5, 5.0]",sand/soil; outdoor only,visual_contact_sheet_polyhaven_v2_1_pages_01_05
sandstone_blocks_05_4k,assets/library/polyhaven/materials/sandstone_blocks_05_4k,assets/library/polyhaven/materials/sandstone_blocks_05_4k/textures/sandstone_blocks_05_diff_4k.jpg,wall_stone_block,core,"[""wall_background""]",light,"[1.8, 3.2]",sandstone block wall,visual_contact_sheet_polyhaven_v2_1_pages_01_05
sandstone_cracks_4k,assets/library/polyhaven/materials/sandstone_cracks_4k,assets/library/polyhaven/materials/sandstone_cracks_4k/textures/sandstone_cracks_diff_4k.jpg,support_stone,usable_watch,"[""support_surface""]",medium,"[1.2, 2.4]",cracked sandstone; can be support in stone scenes,visual_contact_sheet_polyhaven_v2_1_pages_01_05
sandy_gravel_02_4k,assets/library/polyhaven/materials/sandy_gravel_02_4k,assets/library/polyhaven/materials/sandy_gravel_02_4k/textures/sandy_gravel_02_diff_4k.jpg,natural_sand_gravel,usable_watch,"[""natural_ground""]",medium,"[2.5, 5.0]",sandy gravel outdoor surface,visual_contact_sheet_polyhaven_v2_1_pages_01_05
shell_floor_01_4k,assets/library/polyhaven/materials/shell_floor_01_4k,assets/library/polyhaven/materials/shell_floor_01_4k/textures/shell_floor_01_diff_4k.jpg,natural_shell_pebble,usable_watch,"[""natural_ground""]",light,"[2.5, 5.0]",shell/pebble floor high frequency,visual_contact_sheet_polyhaven_v2_1_pages_01_05
snow_01_4k,assets/library/polyhaven/materials/snow_01_4k,assets/library/polyhaven/materials/snow_01_4k/textures/snow_01_diff_4k.jpg,snow,exclude_v0,"[""natural_ground""]",light,"[1.5, 3.0]",snow surface too semantic/bright for v0,visual_contact_sheet_polyhaven_v2_1_pages_01_05
snow_02_4k,assets/library/polyhaven/materials/snow_02_4k,assets/library/polyhaven/materials/snow_02_4k/textures/snow_02_diff_4k.jpg,snow,exclude_v0,"[""natural_ground""]",light,"[1.5, 3.0]",snow surface too semantic/bright for v0,visual_contact_sheet_polyhaven_v2_1_pages_01_05
stone_wall_03_4k,assets/library/polyhaven/materials/stone_wall_03_4k,assets/library/polyhaven/materials/stone_wall_03_4k/textures/stone_wall_03_diff_4k.jpg,wall_stone_plain,usable_watch,"[""wall_background""]",light,"[1.8, 3.2]",plain granular stone surface; wall-only but not structured enough for core wall sampling,visual_contact_sheet_polyhaven_v2_1_pages_01_05
terrain_red_01_4k,assets/library/polyhaven/materials/terrain_red_01_4k,assets/library/polyhaven/materials/terrain_red_01_4k/textures/terrain_red_01_diff_4k.jpg,natural_red_soil,usable_watch,"[""natural_ground""]",dark,"[2.5, 5.0]",dark red terrain; outdoor only,visual_contact_sheet_polyhaven_v2_1_pages_01_05
wall_bricks_plaster_4k,assets/library/polyhaven/materials/wall_bricks_plaster_4k,assets/library/polyhaven/materials/wall_bricks_plaster_4k/textures/wall_bricks_plaster_diff_4k.jpg,wall_brick_plaster,core,"[""wall_background""]",medium,"[1.8, 3.2]",brick/plaster wall background,visual_contact_sheet_polyhaven_v2_1_pages_01_05
white_plaster_02_4k,assets/library/polyhaven/materials/white_plaster_02_4k,assets/library/polyhaven/materials/white_plaster_02_4k/textures/white_plaster_02_diff_4k.jpg,wall_plaster_plain,usable_watch,"[""wall_background""]",light,"[1.8, 3.2]",pale plaster can wash out; wall only,visual_contact_sheet_polyhaven_v2_1_pages_01_05
white_plaster_rough_02_4k,assets/library/polyhaven/materials/white_plaster_rough_02_4k,assets/library/polyhaven/materials/white_plaster_rough_02_4k/textures/white_plaster_rough_02_diff_4k.jpg,wall_plaster_rough,usable_watch,"[""wall_background""]",medium,"[1.8, 3.2]",greenish rough plaster; wall only with care,visual_contact_sheet_polyhaven_v2_1_pages_01_05
white_sandstone_blocks_02_4k,assets/library/polyhaven/materials/white_sandstone_blocks_02_4k,assets/library/polyhaven/materials/white_sandstone_blocks_02_4k/textures/white_sandstone_blocks_02_diff_4k.jpg,wall_stone_block,core,"[""wall_background""]",light,"[1.8, 3.2]",pale stone block wall,visual_contact_sheet_polyhaven_v2_1_pages_01_05
white_sandstone_bricks_03_4k,assets/library/polyhaven/materials/white_sandstone_bricks_03_4k,assets/library/polyhaven/materials/white_sandstone_bricks_03_4k/textures/white_sandstone_bricks_03_diff_4k.jpg,wall_stone_block,core,"[""wall_background""]",light,"[1.8, 3.2]",pale sandstone brick wall,visual_contact_sheet_polyhaven_v2_1_pages_01_05
wood_floor_4k,assets/library/polyhaven/materials/wood_floor_4k,assets/library/polyhaven/materials/wood_floor_4k/textures/wood_floor_diff_4k.jpg,support_wood_clean,core,"[""support_surface"", ""foreground_object""]",medium,"[1.6, 3.0]",wood floor/plank support,visual_contact_sheet_polyhaven_v2_1_pages_01_05
wood_table_001_4k,assets/library/polyhaven/materials/wood_table_001_4k,assets/library/polyhaven/materials/wood_table_001_4k/textures/wood_table_001_diff_4k.jpg,support_wood_clean,core,"[""support_surface"", ""foreground_object""]",dark,"[1.6, 3.0]",table wood; good support/object,visual_contact_sheet_polyhaven_v2_1_pages_01_05
wood_table_worn_4k,assets/library/polyhaven/materials/wood_table_worn_4k,assets/library/polyhaven/materials/wood_table_worn_4k/textures/wood_table_worn_diff_4k.jpg,support_wood_worn,core,"[""support_surface"", ""foreground_object""]",dark,"[1.6, 3.0]",worn wood table; good but contrast check,visual_contact_sheet_polyhaven_v2_1_pages_01_05
yellow_bricks_4k,assets/library/polyhaven/materials/yellow_bricks_4k,assets/library/polyhaven/materials/yellow_bricks_4k/textures/yellow_bricks_diff_4k.jpg,wall_brick_light,core,"[""wall_background""]",light,"[1.8, 3.2]",yellow brick wall background,visual_contact_sheet_polyhaven_v2_1_pages_01_05
